{
  "game": {
    "activePlayer": "0",
    "players": [
      {
        "id": "0",
        "name": "Banco",
        "avatar": "null",
        "casilla": "null",
        "status": "playing",
        "money": "500000",
        "properties": [

        ]
      }
    ]
  },
  "static": {
    "tiles": [
      {
        "id":"0",
        "name":"Salida",
        "type": "start",
        "owner": "null",
        "url": "",
        "action": "add money",
        "actionValue": "2000",
        "colorGroup": "null",
        "groupSize":"null",
        "price": "null",
        "rent": [

        ],
        "coffeeShops": "null",
        "coffeShopPrice": "null",
        "isMortgage": "null",
        "mortgageValue": "null"
      },
      {
        "id":"1",
        "name":"Gdynia",
        "type": "property",
        "owner": "0",
        "url": "",
        "action": "null",
        "actionValue": "null",
        "colorGroup": "brown",
        "groupSize":"2",
        "price": "600",
        "rent": [
          20,
          100,
          300,
          900,
          1600,
          2500
        ],
        "coffeeShops": "",
        "coffeShopPrice": "500",
        "isMortgage": "false",
        "mortgageValue": "300"
      },
      {
        "id":"2",
        "name":"Arca Comunal",
        "type": "arc",
        "owner": "null",
        "url": "",
        "action": "null",
        "actionValue": "null",
        "colorGroup": "null",
        "groupSize":"null",
        "price": "null",
        "rent": "null",
        "coffeeShops": "null",
        "coffeShopPrice": "null",
        "isMortgage": "null",
        "mortgageValue": "null"
      },
      {
        "id":"3",
        "name":"Taipei",
        "type": "property",
        "owner": "0",
        "url": "",
        "action": "null",
        "actionValue": "null",
        "colorGroup": "brown",
        "groupSize":"2",
        "price": "600",
        "rent": [
          40,
          200,
          600,
          1800,
          3200,
          4500
        ],
        "coffeeShops": "",
        "coffeShopPrice": "500",
        "isMortgage": "false",
        "mortgageValue": "300"
      },
      {
        "id":"4",
        "name":"Impuesto sobre el capital",
        "type": "tax",
        "owner": "null",
        "url": "",
        "action": "pay money",
        "actionValue": "2000",
        "colorGroup": "null",
        "groupSize":"null",
        "price": "null",
        "rent": "null",
        "coffeeShops": "null",
        "coffeShopPrice": "null",
        "isMortgage": "null",
        "mortgageValue": "null"
      },
      {
        "id":"5",
        "name":"Ferrocaril Monopoly",
        "type": "property",
        "owner": "0",
        "url": "",
        "action": "null",
        "actionValue": "null",
        "colorGroup": "transport",
        "groupSize":"4",
        "price": "2000",
        "rent": [
          "250",
          "500",
          "1000",
          "2000"
        ],
        "coffeeShops": "0",
        "coffeShopPrice": "null",
        "isMortgage": "null",
        "mortgageValue": "null"
      },
      {
        "id":"6",
        "name":"Tokio",
        "type": "property",
        "owner": "0",
        "url": "",
        "action": "null",
        "actionValue": "null",
        "colorGroup": "lightblue",
        "groupSize":"3",
        "price": "1000",
        "rent": [
          "60",
          "300",
          "900",
          "2700"
          "4000"
          "5500"
        ],
        "coffeeShops": "0",
        "coffeShopPrice": "500",
        "isMortgage": "null",
        "mortgageValue": "500"
      },
      {
        "id":"7",
        "name":"Fortuna",
        "type": "fortune",
        "owner": "null",
        "url": "",
        "action": "null",
        "actionValue": "null",
        "colorGroup": "null",
        "groupSize":"null",
        "price": "null",
        "rent": "null",
        "coffeeShops": "null",
        "coffeShopPrice": "null",
        "isMortgage": "null",
        "mortgageValue": "null"
      },
      {
        "id":"8",
        "name":"Barcelona",
        "type": "property",
        "owner": "0",
        "url": "",
        "action": "null",
        "actionValue": "null",
        "colorGroup": "lightblue",
        "groupSize":"3",
        "price": "1000",
        "rent": [
          "60",
          "300",
          "900",
          "2700"
          "4000"
          "5500"
        ],
        "coffeeShops": "0",
        "coffeShopPrice": "500",
        "isMortgage": "null",
        "mortgageValue": "500"
      },
      {
        "id":"9",
        "name":"Atenas",
        "type": "property",
        "owner": "0",
        "url": "",
        "action": "null",
        "actionValue": "null",
        "colorGroup": "lightblue",
        "groupSize":"3",
        "price": "1200",
        "rent": [
          "80",
          "400",
          "100",
          "3000"
          "4500"
          "6000"
        ],
        "coffeeShops": "0",
        "coffeShopPrice": "600",
        "isMortgage": "null",
        "mortgageValue": "500"
      },
      {
        "id":"10",
        "name":"Carcel",
        "type": "jail",
        "owner": "null",
        "url": "",
        "action": "null",
        "actionValue": "null",
        "colorGroup": "null",
        "groupSize":"null",
        "price": "null",
        "rent": "null",
        "coffeeShops": "null",
        "coffeShopPrice": "null",
        "isMortgage": "null",
        "mortgageValue": "null"
      },
    ]
  }
}
